CREATE TABLE `kaio_akses_level` (
  `user_id` int(11) NOT NULL,
  `rule_id` int(11) NOT NULL,
  PRIMARY KEY (`user_id`,`rule_id`)
) ENGINE=InnoDB DEFAULT CHARSET=latin1;

#
# Data for table "kaio_akses_level"
#

INSERT INTO `kaio_akses_level` VALUES (1819,14),(1819,15),(1819,16),(1819,17),(1819,22),(1819,23),(1819,24),(1819,25),(1819,26),(1819,27),(1819,28),(1819,29),(1819,30),(1819,31),(1819,32),(1819,33),(1819,34),(1819,35),(1819,36),(1819,37),(1819,42),(1819,43),(1819,44),(1819,45),(1819,46),(1819,47),(1819,48),(1819,49),(1819,50),(1819,51),(1819,52),(1819,53),(1819,54),(1819,55),(1819,56),(1819,57),(1819,58),(1819,59),(1819,60),(1819,61),(1819,62),(1819,63),(1819,64),(1819,65),(1819,66),(1819,67),(1819,68),(1819,77),(1819,78),(1819,79),(1819,80),(1819,81),(1819,82),(1819,85),(1819,86),(1820,14),(1820,15),(1820,16),(1820,17),(1820,22),(1820,23),(1820,24),(1820,25),(1820,26),(1820,27),(1820,28),(1820,29),(1820,30),(1820,31),(1820,32),(1820,33),(1820,34),(1820,35),(1820,36),(1820,37),(1820,42),(1820,43),(1820,44),(1820,45),(1820,46),(1820,47),(1820,48),(1820,49),(1820,50),(1820,51),(1820,52),(1820,53),(1820,54),(1820,55),(1820,56),(1820,57),(1820,58),(1820,59),(1820,60),(1820,61),(1820,62),(1820,63),(1820,64),(1820,65),(1820,66),(1820,67),(1820,68),(1820,77),(1820,78),(1820,79),(1820,80),(1820,81),(1820,82),(1820,85),(1820,86);

#
# Structure for table "kaio_blog_customer"
#

CREATE TABLE `kaio_blog_customer` (
  `blog_id` int(11) NOT NULL,
  `dokter_id` int(11) NOT NULL,
  `customer_id` int(11) NOT NULL,
  PRIMARY KEY (`blog_id`,`dokter_id`,`customer_id`)
) ENGINE=InnoDB DEFAULT CHARSET=latin1;

#
# Data for table "kaio_blog_customer"
#

INSERT INTO `kaio_blog_customer` VALUES (262,0,13);

#
# Structure for table "kaio_bot"
#

CREATE TABLE `kaio_bot` (
  `bot_id` int(11) NOT NULL AUTO_INCREMENT,
  `nama_bot` varchar(45) DEFAULT NULL,
  `created_date` date DEFAULT NULL,
  `platform` enum('M','W') DEFAULT NULL COMMENT 'M=messenger,W=web,L=Line,T=Telegram,WA=Whastapp',
  PRIMARY KEY (`bot_id`)
) ENGINE=InnoDB AUTO_INCREMENT=4 DEFAULT CHARSET=latin1;

#
# Data for table "kaio_bot"
#

INSERT INTO `kaio_bot` VALUES (2,'Doktersiaga',NULL,'M'),(3,'Klinik Kaio Medika',NULL,'M');

#
# Structure for table "kaio_bot_ai_answer"
#

CREATE TABLE `kaio_bot_ai_answer` (
  `answer_id` int(11) NOT NULL AUTO_INCREMENT,
  `customer_id` int(11) NOT NULL,
  `page_id` int(11) NOT NULL,
  `answer` varchar(45) DEFAULT NULL,
  PRIMARY KEY (`answer_id`,`customer_id`,`page_id`)
) ENGINE=InnoDB AUTO_INCREMENT=21 DEFAULT CHARSET=latin1;

#
# Data for table "kaio_bot_ai_answer"
#

INSERT INTO `kaio_bot_ai_answer` VALUES (1,8,5,'hi juga'),(2,8,5,'halo juga'),(3,8,5,'pagi juga'),(4,8,5,'siang juga'),(5,8,5,'sore juga'),(6,8,5,'malam juga'),(7,8,5,'loh, ko tebalik'),(8,8,5,'ada yang bisa saya bantu?'),(9,8,5,'saya adalah mesin penjawab otomatis'),(10,8,5,'knp dgn dokter julia k kadang'),(11,8,5,'selamat siang juga'),(12,2,3,'selamat siang juga'),(13,2,3,'hi juga'),(14,2,3,'hi, ada yg bisa kami bantu?'),(15,2,3,'halo juga'),(16,2,3,'selamat sore juga'),(17,2,3,'selamat malam juga'),(18,2,3,'selamat pagi juga'),(19,2,3,':)'),(20,2,3,'sama sama');

#
# Structure for table "kaio_bot_ai_map"
#

CREATE TABLE `kaio_bot_ai_map` (
  `question_id` int(11) NOT NULL,
  `answer_id` int(11) NOT NULL,
  PRIMARY KEY (`question_id`,`answer_id`)
) ENGINE=InnoDB DEFAULT CHARSET=latin1;

#
# Data for table "kaio_bot_ai_map"
#

INSERT INTO `kaio_bot_ai_map` VALUES (1,1),(2,2),(3,3),(4,3),(5,3),(6,4),(7,4),(8,4),(9,5),(10,5),(11,5),(12,6),(13,6),(14,6),(15,7),(16,8),(18,10),(19,11),(20,12),(21,13),(22,14),(23,15),(24,16),(25,17),(26,18),(27,19),(28,20),(29,20),(30,20);

#
# Structure for table "kaio_bot_ai_question"
#

CREATE TABLE `kaio_bot_ai_question` (
  `question_id` int(11) NOT NULL AUTO_INCREMENT,
  `customer_id` int(11) NOT NULL,
  `page_id` int(11) NOT NULL,
  `question` varchar(145) DEFAULT NULL,
  PRIMARY KEY (`question_id`,`customer_id`,`page_id`)
) ENGINE=InnoDB AUTO_INCREMENT=31 DEFAULT CHARSET=latin1;

#
# Data for table "kaio_bot_ai_question"
#

INSERT INTO `kaio_bot_ai_question` VALUES (1,8,5,'hi'),(2,8,5,'halo'),(3,8,5,'pagi'),(4,8,5,'met pagi'),(5,8,5,'selamat pagi'),(6,8,5,'siang'),(7,8,5,'met siang'),(8,8,5,'selamat siang'),(9,8,5,'sore'),(10,8,5,'selamat sore'),(11,8,5,'met sore'),(12,8,5,'malam'),(13,8,5,'met malam'),(14,8,5,'selamat malam'),(15,8,5,'ada yang bisa saya bantu?'),(16,8,5,'test'),(17,8,5,'dengan siapa ini?'),(18,8,5,'dokter julia k kadang'),(19,8,5,'selamat siang dokter'),(20,2,3,'selamat siang dokter'),(21,2,3,'hi'),(22,2,3,'hi dokter'),(23,2,3,'halo'),(24,2,3,'selamat sore'),(25,2,3,'selamat malam'),(26,2,3,'selamat pagi'),(27,2,3,'ok'),(28,2,3,'terima kasih'),(29,2,3,'thank you'),(30,2,3,'thxs');

#
# Structure for table "kaio_bot_block"
#

CREATE TABLE `kaio_bot_block` (
  `block_id` int(11) NOT NULL AUTO_INCREMENT,
  `bot_id` int(11) NOT NULL,
  `customer_id` int(11) NOT NULL,
  `block_name` varchar(45) DEFAULT NULL,
  PRIMARY KEY (`block_id`,`bot_id`,`customer_id`)
) ENGINE=InnoDB AUTO_INCREMENT=5 DEFAULT CHARSET=latin1;

#
# Data for table "kaio_bot_block"
#

INSERT INTO `kaio_bot_block` VALUES (1,1,1,'Welcome Message'),(2,1,1,'Jadwal Dokter'),(3,1,1,'Layanan'),(4,1,1,'Fasilitas');

#
# Structure for table "kaio_bot_block_array"
#

CREATE TABLE `kaio_bot_block_array` (
  `content_id` int(11) NOT NULL AUTO_INCREMENT,
  `customer_id` int(11) NOT NULL,
  `bot_id` int(11) NOT NULL,
  `block_id` int(11) NOT NULL,
  `type` enum('user_input','share_loc','json_api','text') DEFAULT NULL,
  `order` enum('0','1','2','3','4') NOT NULL DEFAULT '0',
  PRIMARY KEY (`content_id`,`bot_id`,`block_id`,`customer_id`)
) ENGINE=InnoDB AUTO_INCREMENT=3 DEFAULT CHARSET=latin1;

#
# Data for table "kaio_bot_block_array"
#

INSERT INTO `kaio_bot_block_array` VALUES (1,1,1,1,'text','0'),(2,1,1,2,'user_input','0');

#
# Structure for table "kaio_bot_button"
#

CREATE TABLE `kaio_bot_button` (
  `button_id` int(11) NOT NULL AUTO_INCREMENT,
  `payload` varchar(145) DEFAULT NULL,
  `answer` varchar(145) DEFAULT NULL,
  `message` varchar(145) DEFAULT NULL,
  PRIMARY KEY (`button_id`)
) ENGINE=InnoDB AUTO_INCREMENT=13 DEFAULT CHARSET=latin1;

#
# Data for table "kaio_bot_button"
#

INSERT INTO `kaio_bot_button` VALUES (1,'jadwal_dokter',NULL,NULL),(2,'dokter_spesialis',NULL,NULL),(3,'hubungi_kami',NULL,NULL),(4,'layanan_24jam',NULL,NULL),(5,'layanan_unggulan',NULL,NULL),(6,'promo',NULL,NULL),(7,'rawat_inap',NULL,NULL),(8,'mcu',NULL,NULL),(9,'poli-anak',NULL,NULL),(10,'poli-kandungan',NULL,NULL),(11,'poli-kulit-kelamin',NULL,NULL),(12,'appointment',NULL,NULL);

#
# Structure for table "kaio_bot_content"
#

CREATE TABLE `kaio_bot_content` (
  `content_id` int(11) NOT NULL AUTO_INCREMENT,
  `customer_id` int(11) NOT NULL,
  `page_id` int(11) NOT NULL,
  `cat` varchar(45) DEFAULT NULL,
  `title` varchar(155) DEFAULT NULL,
  `content` blob,
  `image_url` varchar(155) DEFAULT NULL,
  PRIMARY KEY (`content_id`,`customer_id`,`page_id`)
) ENGINE=InnoDB AUTO_INCREMENT=20 DEFAULT CHARSET=latin1;

#
# Data for table "kaio_bot_content"
#

INSERT INTO `kaio_bot_content` VALUES (1,8,5,'welcome_message','Welcome ',X'53656C616D617420646174616E67206469204B6C696E696B204B61696F204D6564696B61',NULL),(2,8,5,'layanan_24jam','Instalasi Gawat Darurat',X'2044616C616D206B65616461616E20646172757261742C206B656365706174616E2064616E206B657465706174616E2070656C6179616E616E2073616E676174206D656E656E74756B616E206B65626572686173696C616E2070656E616E67616E616E206B6567617761742D64617275726174616E2073656F72616E672070617369656E2E2044696C6179616E69206F6C656820446F6B7465722064616E20506172616D656469732079616E672063657061742064616E2074657061742073657274612062657270656E67616C616D616E2064616C616D206D656D626572696B616E2050656C6179616E616E203234206A616D206E6F6E2D73746F707465726D6173756B2068617269204D696E6767752026204C696275722C2052532E2053656E747261204D6564696B6120436962696E6F6E672073696170206D656D626572696B616E2070656C6179616E616E20626573742065737361792077726974696E672073657276696365207369676D6165737361797320636F6D206672656520657373617973206F6E6C696E65207772697465206D79206573736179206F6E6C696E652065737361792073657276696365207275736820657373617920676177617420646172757261742079616E67207465726261696B20626167692070656C616E6767616E2E20496E7374616C61736920476177617420446172757261742079616E672064696D696C696B692052532E2053656E747261204D6564696B6120436962696E6F6E672073656C616C75206D656E6A616761206D7574752070656C6179616E616E2E20','layanan_24jam/cs1/igd.jpg'),(3,8,5,'layanan_24jam','Instalasi Laboratorium',X'204C61626F7261746F7269756D2052532053656E747261204D6564696B6120436962696E6F6E6720746572646972692064617269206C61626F7261746F7269756D205061746F6C6F6769204B6C696E696B2064616E2050656C6179616E616E2044617261682079616E672062756B612073656C616D61203234206A616D2E2053656C61696E206974752C206C61626F7261746F7269756D206A756761206D656E6572696D612073616D70656C205061746F6C6F676920416E61746F6D692064616E204D696B726F62696F6C6F67692E204B75616C697461732070656D6572696B7361616E2074657270616E746175206D656C616C75692070726F6772616D2070656D616E746170616E206D75747520696E7465726E616C206D617570756E20656B737465726E616C2070616461206C656D626167612070656E79656C656E6767617261206E6173696F6E616C2E2050726F7365732070656D6572696B7361616E2064696C616B73616E616B616E2064656E67616E206D656E657261706B616E206B6169646168206B6573656C616D6174616E2070617369656E2E2044656E67616E206265726261676169207570617961207465727365627574206D616B61206C61626F7261746F7269756D2052532053656E747261204D6564696B6120436962696E6F6E672073656E616E7469617361206265727573616861206D656D626572696B616E2070656C6179616E616E2079616E672063657061742C2074657061742064616E2074656C6974692064616C616D206D656E64756B756E6720646F6B746572206D656E6567616B6B616E20646961676E6F7369732C206D656D616E7461752070656E676F626174616E2064616E206D656E656E74756B616E2070726F676E6F7369732E20','layanan_24jam/cs1/lab.jpg'),(4,8,5,'layanan_24jam','Instalasi Radiologi',X'20526164696F6C6F6769206164616C616820636162616E672061746175207370657369616C6973617369206B65646F6B746572616E2079616E6720626572687562756E67616E2064656E67616E2073747564692064616E2070656E65726170616E2074656B6E6F6C6F67692070656E6369747261616E207365706572746920782D7261792064616E207261646961736920756E74756B206D656E646961676E6F73612064616E206D656E676F626174692070656E79616B69742E2041686C6920726164696F6C6F6769206C616E6773756E672073656275616820617272617920646172692074656B6E6F6C6F67692070656E6369747261616E202873657065727469205553472C20636F6D707574656420746F6D6F67726170687920284354292C206B65646F6B746572616E206E756B6C69722C20746F6D6F677261666920656D69736920706F736974726F6E2028504554292064616E2070656E6369747261616E207265736F6E616E7369206D61676E6574696B20284D5249292920756E74756B206D656E646961676E6F73612061746175206D656E676F626174692070656E79616B69742E20526164696F6C6F676920696E74657276656E7369206164616C6168206B696E65726A61202862696173616E7961206D696E696D616C20696E7661736966292070726F7365647572206D656469732064656E67616E2062696D62696E67616E2074656B6E6F6C6F67692070656E6369747261616E2E20416B7569736973692070656E6369747261616E206D656469732062696173616E79612064696C616B756B616E206F6C65682061686C6920726164696F677261666920617461752074656B6E6F6C6F6720726164696F6C6F6769732E20','layanan_24jam/cs1/radiology.jpeg'),(5,8,5,'layanan_24jam','Instalasi Farmasi',X'496E7374616C617369204661726D617369206D656C616B756B616E2070656E67656C6F6C61616E206D756C6169206461726920706572656E63616E61616E2C2070656E67616461616E2C2070656E79696D70616E616E2C207065726163696B616E2C2070656C6179616E616E206C616E6773756E67206B65706164612070617369656E2073616D7061692064656E67616E2070656E67656E64616C69616E2073656D75612070656D62656B616C616E206B657365686174616E2079616E6720626572656461722064616E20646967756E616B616E2064616C616D2072756D61682073616B6974206261696B20626167692070617369656E207261776174206A616C616E206D617570756E20726177617420696E61702E2044656E67616E2070656C6179616E616E203234206A616D2079616E6720646964756B756E67206F6C656820706172612041706F74656B65722064616E20506574756761732062657270656E67616C616D616E2073657274612064656E67616E206A616D696E616E2070656E7965646961616E206F6261742D6F626174616E2079616E67206265726B75616C697461732C2061736C692064616E206D656D696C696B69206C6567616C697461732E','layanan_24jam/cs1/farmasi.jpg'),(6,8,5,'layanan_24jam','Ruang Operasi',X'205275616E67206F7065726173692052532053656E747261204D6564696B6120436962696E6F6E67206D656C6179616E692074696E64616B616E2D74696E64616B616E206265646168203234206A616D20756E74756B206F7065726173692073656C656B7469662064616E206369746F2E2044656E67616E206B61706173697461732036207275616E67206F70657261736920736568696E676761206461706174206D656C616B756B616E206F7065726173692064616C616D2077616B74752079616E672062657273616D61616E2E20496E7374616C6173692062656461682052532053656E747261204D6564696B6120436962696E6F6E67206461706174206D656C6179616E692074696E64616B616E206265646168206B65626964616E616E2064616E206B616E64756E67616E2C206265646168206F7274686F706564692C206265646168206C617061726F736B6F70692C206265646168205448542C20626564616820756D756D2C2064616E206C61696E6E796120','layanan_24jam/cs1/ruang-operasi.jpg'),(7,8,5,'layanan_24jam','Instalasi Bank Darah',X'2042616E6B2044617261682052532053656E747261204D6564696B6120436962696E6F6E67206D65727570616B616E2062616769616E206461726920496E7374616C617369204C61626F7261746F7269756D2079616E67206D656D696C696B69207065727365646961616E206B616E746F6E6720646172616820756E74756B206B656275747568616E207472616E73667573692064617261682070617369656E2D70617369656E2064692052532053656E747261204D6564696B6120436962696E6F6E672E205065727365646961616E2064617261682079616E6720616D616E2C206265726B75616C697461732064616E2064616C616D206A756D6C61682079616E672063756B757020616B616E206D656E64756B756E672070656C6179616E616E206B657365686174616E2064692052532053656E747261204D6564696B6120436962696E6F6E672E20','layanan_24jam/cs1/bank-darah.jpeg'),(8,8,5,'layanan_24jam','Ambulance',X'20466173696C69746173206D6F62696C20416D62756C616E6365207465727365646961203234204A616D20736562616761692070656E756E6A616E67207472616E73706F7274617369206A696B612064697065726C756B616E206164616E7961206576616B756173692064616C616D206B6567617761742D64617275726174616E2E20','layanan_24jam/cs1/ambulance.jpg'),(9,8,5,'layanan_unggulan','MSCT 128 Slices',X'20496E6F766173692064616C616D2074656B6E6F6C6F676920546F6D6F677261666920436F6D707574656420284354292079616E67206D656D696C696B692070656E67617275682079616E67206265736172207061646120686173696C2070656E6369747261616E2064616E2061706C696B617369206B6C696E69732064616C616D20626964616E67206E6575726F6C6F67692C206B617264696F6C6F67692C2064616E20726164696F6C6F676920756D756D2E204B65756E74756E67616E2064617269204D5343542031323820736C69636573206164616C61683A2054696E676B61742072616469617369206C656269682072656E6461682C20736568696E676761206C6562696820616D616E20626167692074756275682C2050726F736573207363616E206C6562696820636570617420286D756C7469706C65207068617365292C2070656E67616D62696C616E2067616D6261722073656B616C6967757320756E74756B2073656C75727568207475627568202877686F6C65626F6479207363616E6E696E67292068616E7961206D656D62757475686B616E2077616B7475206B7572616E67206461726920313020646574696B2C204461706174206D656E696C61692070657266757369206A6172696E67616E2064616E206F7267616E20626572676572616B20286D6973616C6E79613A206A616E74756E672C206F74616B2C206861746920646C6C292C204461706174206D656D756E676B696E6B616E20756E74756B206D6572656B6F6E737472756B7369206B652062656E74756B20332064696D656E73692C20736568696E676761206D656E67686173696C6B616E2067616D626172206C65626968206E796174612C20506F746F6E67616E206C656269682074697069732C20736568696E676761206C656269682074656C69746920756E74756B206D656E63617269206B656C61696E616E2074756275682C204578706572746963652F466F726D617420686173696C207363616E696E6720626961732074657273656469612064616C616D2062656E74756B206469676974616C2E20','layanan_unggulan/cs1/msct.jpg'),(10,8,5,'layanan_unggulan','Rehabilitasi Medik',X'5265686162696C74617369204D6564696B61206D65727570616B616E2075706179612070656C6179616E616E206D6564696B2079616E67206B6F6D70726568656E73696620286D656E79656C7572756829206265727570612050726F6D6F74696F6E20436172652C2064696D756C61692064656E67616E207570617961206D6564697320756E74756B206D656E696E676B61746B616E206B657365686174616E','layanan_unggulan/cs1/rehab.jpg'),(11,8,5,'layanan_unggulan','MRI 1,5 Tesla',X'4D524920284D61676E65746963205265736F6E616E636520496D6167696E6729206D65727570616B616E20737561747520616C617420646961676E6F7374696B206D7574616B68697220756E74756B206D656D6572696B73612064616E206D656E646574656B736920747562756820616E64612064656E67616E206D656E6767756E616B616E206D6564616E206D61676E65742079616E672062657361722064616E2067656C6F6D62616E67206672656B75656E736920726164696F','layanan_unggulan/cs1/mri.jpg'),(12,8,5,'promo','Paket Jantung Sehat',X'44617061746B616E2050656E61776172616E204B687573757320756E74756B2050616B6574204A616E74756E672053656861742079616E67207465726469726920646172692050616B6574204D4355204B657365686174616E204A616E74756E672064616E2050656D6572696B7361616E2050656E756E6A616E672028526F6E7467656E2054686F7261782C2054726561646D696C6C2064616E2043542043616C7369756D2053636F726529','promo/cs1/mcu-jantung.jpg'),(13,8,5,'promo','Pemeriksaan CT Calsium Score',X'4B616D69206861646972206D656D626572696B616E2070656C6179616E616E20756E74756B2070656D6572696B7361616E2043542043616C6369756D2053636F726520756E74756B206D656E646574656B7369207365636172612064696E6920726973696B6F2070656E79756D626174616E2070616461206A616E74756E67736568696E676761206B657365686174616E206A616E74756E6720416E6461206461706174207465726A6167612073656A616B206177616C2E','promo/cs1/ct-score.jpg'),(14,8,5,'rawat_inap','SVIP',X'4B616D69206D656D696C696B69207275616E6720726177617420696E617020756E74756B2070617369656E206465776173612064616E20616E616B2D616E616B2064656E67616E20666173696C697461732079616E67206E79616D616E2064616E206C656E676B61702067756E61206D656D62616E74752070656D756C6968616E206B657365686174616E2070617369656E','rawat_inap/cs1/svip.jpg'),(15,8,5,'rawat_inap','VIP',X'4B616D69206D656D696C696B69207275616E6720726177617420696E617020756E74756B2070617369656E206465776173612064616E20616E616B2D616E616B2064656E67616E20666173696C697461732079616E67206E79616D616E2064616E206C656E676B61702067756E61206D656D62616E74752070656D756C6968616E206B657365686174616E2070617369656E0A','rawat_inap/cs1/vip.jpg'),(16,8,5,'rawat_inap','VIP Junior',X'4B616D69206D656D696C696B69207275616E6720726177617420696E617020756E74756B2070617369656E206465776173612064616E20616E616B2D616E616B2064656E67616E20666173696C697461732079616E67206E79616D616E2064616E206C656E676B61702067756E61206D656D62616E74752070656D756C6968616E206B657365686174616E2070617369656E0A','rawat_inap/cs1/vip-junior.jpg'),(17,8,5,'mcu','Paket Basic',X'4B657365686174616E206D65727570616B616E207375617475206B656275747568616E2079616E672073616E6761742070656E74696E672062616769206B656869647570616E20736574696170206F72616E672C206B6172656E612073656D756120616B74697669746173206B656869647570616E206B6974612062657267616E74756E672070616461206B6F6E646973692074756275682079616E672073656861742E2047616E676775616E206B657365686174616E2064617061742074696D62756C206B6172656E6120706F6C612068696475702C2066616B746F72206D616B616E616E2C2070656E6761727568206C696E676B756E67616E2061746175206B6172656E612066616B746F72206B65747572756E616E2E20','mcu/cs1/mcu.jpg'),(18,8,5,'mcu','Paket Deluxe',X'4B657365686174616E206D65727570616B616E207375617475206B656275747568616E2079616E672073616E6761742070656E74696E672062616769206B656869647570616E20736574696170206F72616E672C206B6172656E612073656D756120616B74697669746173206B656869647570616E206B6974612062657267616E74756E672070616461206B6F6E646973692074756275682079616E672073656861742E2047616E676775616E206B657365686174616E2064617061742074696D62756C206B6172656E6120706F6C612068696475702C2066616B746F72206D616B616E616E2C2070656E6761727568206C696E676B756E67616E2061746175206B6172656E612066616B746F72206B65747572756E616E2E200A','mcu/cs1/mcu-2.jpg'),(19,8,5,'mcu','Paket Exclusive',X'4B657365686174616E206D65727570616B616E207375617475206B656275747568616E2079616E672073616E6761742070656E74696E672062616769206B656869647570616E20736574696170206F72616E672C206B6172656E612073656D756120616B74697669746173206B656869647570616E206B6974612062657267616E74756E672070616461206B6F6E646973692074756275682079616E672073656861742E2047616E676775616E206B657365686174616E2064617061742074696D62756C206B6172656E6120706F6C612068696475702C2066616B746F72206D616B616E616E2C2070656E6761727568206C696E676B756E67616E2061746175206B6172656E612066616B746F72206B65747572756E616E2E200A','mcu/cs1/mcu-3.jpg');

#
# Structure for table "kaio_bot_flow"
#

CREATE TABLE `kaio_bot_flow` (
  `flow_id` int(11) NOT NULL AUTO_INCREMENT,
  `menu_id` int(11) NOT NULL,
  `bot_id` int(11) NOT NULL,
  `customer_id` int(11) NOT NULL,
  `order` enum('0','1','2','3','4') DEFAULT NULL,
  `ref_block_id` int(11) NOT NULL DEFAULT '0',
  PRIMARY KEY (`flow_id`,`menu_id`,`bot_id`,`customer_id`)
) ENGINE=InnoDB AUTO_INCREMENT=2 DEFAULT CHARSET=latin1;

#
# Data for table "kaio_bot_flow"
#

INSERT INTO `kaio_bot_flow` VALUES (1,3,1,1,'0',0);

#
# Structure for table "kaio_bot_keyword"
#

CREATE TABLE `kaio_bot_keyword` (
  `id` int(11) NOT NULL AUTO_INCREMENT,
  `keyword` varchar(45) DEFAULT NULL,
  `trigeer_function` varchar(145) DEFAULT NULL,
  `tipe` enum('user_input') DEFAULT NULL,
  PRIMARY KEY (`id`)
) ENGINE=InnoDB AUTO_INCREMENT=5 DEFAULT CHARSET=latin1;

#
# Data for table "kaio_bot_keyword"
#

INSERT INTO `kaio_bot_keyword` VALUES (1,'jadwal dokter','get_jadwal_dokter()','user_input'),(2,'layanan',NULL,NULL),(3,'help','sendGreetingText',NULL),(4,'janji konsultasi',NULL,NULL);

#
# Structure for table "kaio_bot_menu"
#

CREATE TABLE `kaio_bot_menu` (
  `menu_id` int(11) NOT NULL AUTO_INCREMENT,
  `bot_id` int(11) NOT NULL,
  `customer_id` int(11) NOT NULL,
  `nama_menu` varchar(45) DEFAULT NULL,
  `payload` varchar(45) DEFAULT NULL,
  `level` enum('0','1','2') DEFAULT NULL,
  `ref_id` int(11) NOT NULL DEFAULT '0',
  `order` enum('1','2','3','4','') NOT NULL DEFAULT '1',
  PRIMARY KEY (`menu_id`,`bot_id`,`customer_id`)
) ENGINE=InnoDB AUTO_INCREMENT=7 DEFAULT CHARSET=latin1;

#
# Data for table "kaio_bot_menu"
#

INSERT INTO `kaio_bot_menu` VALUES (1,1,1,'Dokter','','0',0,'1'),(2,1,1,'Layanan & Fasilitas',NULL,'0',0,'2'),(3,1,1,'Jadwal Dokter','jadwal_dokter','1',1,'1'),(4,1,1,'Profile Dokter','profile_dokter','1',1,'2'),(5,1,1,'Layanan','layanan','1',2,'1'),(6,1,1,'Fasilitas','fasilitas','1',2,'2');

#
# Structure for table "kaio_bot_messages"
#

CREATE TABLE `kaio_bot_messages` (
  `messages_id` int(11) NOT NULL AUTO_INCREMENT,
  `page_id` varchar(45) NOT NULL,
  `sender_id` varchar(45) DEFAULT NULL,
  `conversation_id` varchar(45) DEFAULT NULL,
  `tgl` datetime DEFAULT NULL,
  `message` varchar(255) DEFAULT NULL,
  `tipe_message` varchar(45) DEFAULT NULL,
  `jenis_message` enum('IN','OUT') DEFAULT NULL,
  PRIMARY KEY (`messages_id`,`page_id`)
) ENGINE=InnoDB AUTO_INCREMENT=32900 DEFAULT CHARSET=latin1;




#
# Structure for table "kaio_bot_user_question"
#

CREATE TABLE `kaio_bot_user_question` (
  `id` int(11) NOT NULL AUTO_INCREMENT,
  `fb_page_id` int(11) NOT NULL,
  `customer_id` int(11) NOT NULL,
  `page_id` varchar(45) NOT NULL,
  `tema_id` int(11) NOT NULL,
  `question` varchar(150) NOT NULL,
  `urutan` int(4) DEFAULT NULL,
  PRIMARY KEY (`id`,`fb_page_id`,`customer_id`,`page_id`,`tema_id`)
) ENGINE=InnoDB AUTO_INCREMENT=9 DEFAULT CHARSET=latin1;

#
# Data for table "kaio_bot_user_question"
#

INSERT INTO `kaio_bot_user_question` VALUES (4,3,2,'877864705584378',1,'mau ke dokter apa?',0),(5,3,2,'877864705584378',1,'rumah sakit mana? jawaban di awali dengan RS & nama RS nya yang lengkap yaaa',1),(6,3,2,'877864705584378',1,'hari apa?',2),(7,5,8,'783090398721317',1,'mau ke dokter apa?',0),(8,5,8,'783090398721317',1,'hari apa?',1);

#
# Structure for table "kaio_customer"
#

CREATE TABLE `kaio_customer` (
  `id` int(11) NOT NULL AUTO_INCREMENT,
  `nama_customer` varchar(45) NOT NULL DEFAULT '',
  `alamat` varchar(45) NOT NULL DEFAULT '',
  `kota` varchar(255) NOT NULL DEFAULT '',
  `tlp` varchar(45) NOT NULL DEFAULT '',
  `email` varchar(45) DEFAULT NULL,
  `contact_person` varchar(45) NOT NULL DEFAULT '',
  PRIMARY KEY (`id`)
) ENGINE=InnoDB AUTO_INCREMENT=14 DEFAULT CHARSET=latin1;

#
# Data for table "kaio_customer"
#

INSERT INTO `kaio_customer` VALUES (2,'Doktersiaga','','','',NULL,''),(8,'Fatah Iskandar Akbar','','','',NULL,'Fatah Iskandar Akbar'),(12,'Amir Ahmad Nasution','','','',NULL,'Amir Ahmad Nasution'),(13,'PT Kaio Tekno Medika','Jatibenig Raya','Bekasi','021 847 1082','kaiosoftware@gmail.com','Fatah Iskandar Akbar');

#
# Structure for table "kaio_customer_bot"
#

CREATE TABLE `kaio_customer_bot` (
  `customer_id` int(11) NOT NULL,
  `bot_id` int(11) NOT NULL,
  `status` enum('L','O') DEFAULT 'O' COMMENT 'L=live,O=Offline',
  PRIMARY KEY (`customer_id`,`bot_id`)
) ENGINE=InnoDB DEFAULT CHARSET=latin1;

#
# Data for table "kaio_customer_bot"
#

INSERT INTO `kaio_customer_bot` VALUES (2,2,'L'),(8,3,'L');

#
# Structure for table "kaio_customer_faskes"
#

CREATE TABLE `kaio_customer_faskes` (
  `customer_id` int(11) NOT NULL,
  `faskes_id` int(11) NOT NULL,
  `nmr_izin` varchar(45) NOT NULL DEFAULT '',
  `tgl_expired_izin` date NOT NULL DEFAULT '0000-00-00' COMMENT 'tgl expired situ',
  `file_url` varchar(255) NOT NULL DEFAULT '',
  `status` enum('E','D') NOT NULL DEFAULT 'D',
  PRIMARY KEY (`customer_id`,`faskes_id`)
) ENGINE=InnoDB DEFAULT CHARSET=latin1;

#
# Data for table "kaio_customer_faskes"
#

INSERT INTO `kaio_customer_faskes` VALUES (8,656,'6767677','2020-06-25','','E');

#
# Structure for table "kaio_customer_paket"
#

CREATE TABLE `kaio_customer_paket` (
  `customer_id` int(11) NOT NULL,
  `paket_id` int(11) NOT NULL,
  `tgl_daftar` datetime DEFAULT NULL,
  `tgl_expired` datetime DEFAULT NULL,
  `status` enum('E','D') DEFAULT NULL COMMENT 'E=enable,D=disable',
  `version` enum('F','B') DEFAULT 'F' COMMENT 'F=free,B=business',
  PRIMARY KEY (`customer_id`,`paket_id`)
) ENGINE=InnoDB DEFAULT CHARSET=latin1;

#
# Data for table "kaio_customer_paket"
#

INSERT INTO `kaio_customer_paket` VALUES (2,101,'2019-03-01 14:53:13','2019-03-31 14:53:13','E','B'),(8,101,'2019-04-02 21:13:30','2019-05-02 21:13:30','E','F'),(12,102,'2019-04-04 10:45:24','2019-05-04 10:45:24','E','F'),(13,101,'2019-04-08 08:48:59','2019-05-08 08:48:59','E','F');

#
# Structure for table "kaio_customer_user"
#

CREATE TABLE `kaio_customer_user` (
  `customer_id` int(11) NOT NULL,
  `user_id` int(11) NOT NULL,
  PRIMARY KEY (`customer_id`,`user_id`)
) ENGINE=InnoDB DEFAULT CHARSET=latin1;

#
# Data for table "kaio_customer_user"
#

INSERT INTO `kaio_customer_user` VALUES (13,1820);

#
# Structure for table "kaio_fb_page"
#

CREATE TABLE `kaio_fb_page` (
  `fb_page_id` int(11) NOT NULL AUTO_INCREMENT,
  `nama_page` varchar(45) DEFAULT NULL,
  `page_id` varchar(45) DEFAULT NULL,
  `token` text,
  PRIMARY KEY (`fb_page_id`)
) ENGINE=InnoDB AUTO_INCREMENT=6 DEFAULT CHARSET=latin1;

#
# Data for table "kaio_fb_page"
#

INSERT INTO `kaio_fb_page` VALUES (3,'Doktersiaga','877864705584378','EAABeGsztYLoBAHUaoqDNbYbWZC6HXfhT4gYcWfH1w5pN01cpyg8U0MJkmppWR16PtPDSZCjjCMsKZCaGSkLn0hEZBdDYK961BdjofdBjz8KtBX3sZCptnx9QVWQLjeyp6F61TmEsznrd6Q0IRg2X9Dtqaj2HSfXm8IUXLUZAZBTXgZDZD'),(5,'Klinik Kaio Medika','783090398721317','EAABeGsztYLoBAMsCZBT8NOggL1dZCJrtqEiO5IecsLZCyybJNKf7YZBHZA9mKY0D71JF9b3C8nfljPaClzpGPC6rFLkLAA7UgDHEST3O2hHbtB0ZAv75ksf9X0YSA8acxP8i5CPvZBL6NTe4cTGlxuhm074xudgU4OZAcMjue22P8gZDZD');

#
# Structure for table "kaio_fb_page_customer"
#

CREATE TABLE `kaio_fb_page_customer` (
  `fb_page_id` int(11) NOT NULL,
  `customer_id` int(11) NOT NULL,
  PRIMARY KEY (`fb_page_id`,`customer_id`)
) ENGINE=InnoDB DEFAULT CHARSET=latin1;

#
# Data for table "kaio_fb_page_customer"
#

INSERT INTO `kaio_fb_page_customer` VALUES (3,2),(5,8);

#
# Structure for table "kaio_groups"
#

CREATE TABLE `kaio_groups` (
  `group_id` int(11) NOT NULL,
  `group_name` varchar(55) DEFAULT NULL,
  `desc` varchar(55) DEFAULT NULL,
  PRIMARY KEY (`group_id`)
) ENGINE=InnoDB DEFAULT CHARSET=latin1;

#
# Data for table "kaio_groups"
#

INSERT INTO `kaio_groups` VALUES (11890083,'superadmin','Super Admin'),(11890084,'manager','Manager'),(11890085,'staff','Staff'),(11890091,'admin','Admin');

#
# Structure for table "kaio_invoice"
#

CREATE TABLE `kaio_invoice` (
  `inv_id` int(11) NOT NULL AUTO_INCREMENT,
  `customer_id` int(11) NOT NULL,
  `nmr_inv` varchar(45) DEFAULT NULL,
  `tgl_inv` date DEFAULT NULL,
  `due_date` date DEFAULT NULL,
  `note` varchar(45) DEFAULT NULL,
  `jmlh` varchar(45) DEFAULT NULL,
  `status` enum('P','U','C') DEFAULT NULL,
  PRIMARY KEY (`inv_id`,`customer_id`)
) ENGINE=InnoDB DEFAULT CHARSET=latin1;

#
# Data for table "kaio_invoice"
#


#
# Structure for table "kaio_paket"
#

CREATE TABLE `kaio_paket` (
  `paket_id` int(11) NOT NULL AUTO_INCREMENT,
  `nama_paket` varchar(45) DEFAULT NULL,
  `harga` varchar(45) DEFAULT NULL,
  `durasi_trial` varchar(45) DEFAULT NULL,
  `max_jmlh_faskes` varchar(45) DEFAULT NULL,
  `max_jmlh_poli` varchar(45) DEFAULT NULL,
  `max_jmlh_dokter` varchar(45) DEFAULT NULL,
  `max_jmlh_bot` varchar(45) DEFAULT NULL,
  `max_jmlh_user` varchar(45) DEFAULT NULL,
  PRIMARY KEY (`paket_id`)
) ENGINE=InnoDB AUTO_INCREMENT=103 DEFAULT CHARSET=latin1;

#
# Data for table "kaio_paket"
#

INSERT INTO `kaio_paket` VALUES (100,'Personal','100000','30','1','1','1','1','2'),(101,'Professional','350000','30','1','3','3','1','4'),(102,'Business','3100000','30','1','10','10','1','12');

#
# Structure for table "kaio_payment"
#

CREATE TABLE `kaio_payment` (
  `payment_id` int(11) NOT NULL AUTO_INCREMENT,
  `customer_id` int(11) NOT NULL,
  `inv_id` int(11) NOT NULL,
  `tgl_pembayaran` date DEFAULT NULL,
  `metode_pembayaran` varchar(45) DEFAULT NULL,
  `jumlah` varchar(45) DEFAULT NULL,
  `note` varchar(45) DEFAULT NULL,
  PRIMARY KEY (`payment_id`,`customer_id`,`inv_id`)
) ENGINE=InnoDB DEFAULT CHARSET=latin1;

#
# Data for table "kaio_payment"
#


#
# Structure for table "kaio_role_rules"
#

CREATE TABLE `kaio_role_rules` (
  `group_id` int(11) NOT NULL,
  `rule_id` int(11) NOT NULL,
  PRIMARY KEY (`group_id`,`rule_id`)
) ENGINE=InnoDB DEFAULT CHARSET=latin1;

#
# Data for table "kaio_role_rules"
#

INSERT INTO `kaio_role_rules` VALUES (11890083,14),(11890083,15),(11890083,16),(11890083,17),(11890083,22),(11890083,23),(11890083,24),(11890083,25),(11890083,26),(11890083,27),(11890083,28),(11890083,29),(11890083,30),(11890083,31),(11890083,32),(11890083,33),(11890083,34),(11890083,35),(11890083,36),(11890083,37),(11890083,42),(11890083,43),(11890083,44),(11890083,45),(11890083,46),(11890083,47),(11890083,48),(11890083,49),(11890083,50),(11890083,51),(11890083,52),(11890083,53),(11890083,54),(11890083,55),(11890083,56),(11890083,57),(11890083,58),(11890083,59),(11890083,60),(11890083,61),(11890083,62),(11890083,63),(11890083,64),(11890083,65),(11890083,66),(11890083,67),(11890083,68),(11890083,77),(11890083,78),(11890083,79),(11890083,80),(11890083,81),(11890083,82),(11890083,85),(11890083,86),(11890084,14),(11890084,15),(11890084,16),(11890084,17),(11890084,22),(11890084,23),(11890084,24),(11890084,25),(11890084,26),(11890084,27),(11890084,28),(11890084,29),(11890084,30),(11890084,31),(11890084,32),(11890084,33),(11890084,34),(11890084,35),(11890084,36),(11890084,37),(11890084,42),(11890084,43),(11890084,44),(11890084,45),(11890084,46),(11890084,47),(11890084,48),(11890084,49),(11890084,50),(11890084,51),(11890084,52),(11890084,53),(11890084,57),(11890084,58),(11890084,59),(11890084,60),(11890084,61),(11890084,62),(11890084,63),(11890084,64),(11890084,65),(11890084,66),(11890084,67),(11890084,68),(11890084,77),(11890084,78),(11890084,79),(11890084,80),(11890084,81),(11890084,82),(11890084,85),(11890084,86),(11890085,14),(11890085,15),(11890085,16),(11890085,17),(11890085,22),(11890085,23),(11890085,24),(11890085,25),(11890085,26),(11890085,27),(11890085,28),(11890085,29),(11890085,30),(11890085,31),(11890085,32),(11890085,33),(11890085,34),(11890085,35),(11890085,36),(11890085,37),(11890085,42),(11890085,43),(11890085,44),(11890085,45),(11890085,46),(11890085,47),(11890085,48),(11890085,49),(11890085,50),(11890085,51),(11890085,52),(11890085,53),(11890085,57),(11890085,58),(11890085,59),(11890085,60),(11890085,61),(11890085,62),(11890085,63),(11890085,64),(11890085,65),(11890085,66),(11890085,67),(11890085,68),(11890085,77),(11890085,78),(11890085,79),(11890085,80),(11890085,81),(11890085,82),(11890085,85),(11890085,86),(11890091,14),(11890091,15),(11890091,16),(11890091,17),(11890091,22),(11890091,23),(11890091,24),(11890091,25),(11890091,26),(11890091,27),(11890091,28),(11890091,29),(11890091,30),(11890091,31),(11890091,32),(11890091,33),(11890091,34),(11890091,35),(11890091,36),(11890091,37),(11890091,42),(11890091,43),(11890091,44),(11890091,45),(11890091,46),(11890091,47),(11890091,48),(11890091,49),(11890091,50),(11890091,51),(11890091,52),(11890091,53),(11890091,54),(11890091,55),(11890091,56),(11890091,57),(11890091,58),(11890091,59),(11890091,60),(11890091,61),(11890091,62),(11890091,63),(11890091,64),(11890091,65),(11890091,66),(11890091,67),(11890091,68),(11890091,77),(11890091,78),(11890091,79),(11890091,80),(11890091,81),(11890091,82),(11890091,85),(11890091,86);

#
# Structure for table "kaio_rules"
#

CREATE TABLE `kaio_rules` (
  `rule_id` int(11) NOT NULL AUTO_INCREMENT,
  `rule_class` varchar(55) NOT NULL,
  `rule_method` varchar(55) NOT NULL,
  `menu` varchar(55) DEFAULT NULL,
  `addon` enum('Y','N') DEFAULT 'N',
  PRIMARY KEY (`rule_id`)
) ENGINE=InnoDB AUTO_INCREMENT=88 DEFAULT CHARSET=latin1;

#
# Data for table "kaio_rules"
#

INSERT INTO `kaio_rules` VALUES (14,'poli','index','Poli','N'),(15,'poli','add','Poli','N'),(16,'poli','edit','Poli','N'),(17,'poli','hapus','Poli','N'),(22,'dokterpoli','index','Dokter Poli','N'),(23,'dokterpoli','add','Dokter Poli','N'),(24,'dokterpoli','edit','Dokter Poli','N'),(25,'dokterpoli','hapus','Dokter Poli','N'),(26,'layanan','index','Layanan Faskes','N'),(27,'layanan','add','Layanan Faskes','N'),(28,'layanan','edit','Layanan Faskes','N'),(29,'layanan','hapus','Layanan Faskes','N'),(30,'fasilitas','index','Fasilitas','N'),(31,'fasilitas','add','Fasilitas','N'),(32,'fasilitas','edit','Fasilitas','N'),(33,'fasilitas','hapus','Fasilitas','N'),(34,'jadwal','index','Jadwal','N'),(35,'jadwal','add','Jadwal','N'),(36,'jadwal','edit','Jadwal','N'),(37,'jadwal','hapus','Jadwal','N'),(42,'customerprofile','index','Customer Profile','N'),(43,'customerprofile','edit','Customer Profile','N'),(44,'customerpaket','index','Paket Customer','N'),(45,'customerpaket','edit','Paket Customer','N'),(46,'customerfaskes','index','Customer Faskes','N'),(47,'customerfaskes','add','Customer Faskes','N'),(48,'customerfaskes','edit','Customer Faskes','N'),(49,'customerfaskes','hapus','Customer Faskes','N'),(50,'customerbilling','index','Customer Billing','N'),(51,'customerpayment','index','Customer Payment','N'),(52,'customerpayment','add','Customer Payment','N'),(53,'team','index','Team','N'),(54,'team','add','Team','N'),(55,'team','edit','Team','N'),(56,'team','hapus','Team','N'),(57,'blog','index','Blog','N'),(58,'blog','add','Blog','N'),(59,'blog','edit','Blog','N'),(60,'blog','hapus','Blog','N'),(61,'fanpage','index','FB Fan Page','N'),(62,'fanpage','add','FB Fan Page','N'),(63,'fanpage','edit','FB Fan Page','N'),(64,'fanpage','hapus','FB Fan Page','N'),(65,'inbox','index','Inbox','N'),(66,'inbox','add','Inbox','N'),(67,'inbox','edit','Inbox','N'),(68,'inbox','hapus','Inbox','N'),(77,'bot','index','Bot','N'),(78,'bot','add','Bot','N'),(79,'bot','edit','Bot','N'),(80,'bot','hapus','Bot','N'),(81,'botcontent','index','Bot Content','N'),(82,'botcontent','edit','Bot Content','N'),(85,'Profile','index','User Profile','N'),(86,'Profile','edit','User Profile','N');

#
# Structure for table "kaio_user_group"
#

CREATE TABLE `kaio_user_group` (
  `user_id` int(11) NOT NULL,
  `group_id` int(11) NOT NULL,
  PRIMARY KEY (`user_id`,`group_id`)
) ENGINE=InnoDB DEFAULT CHARSET=latin1;

#
# Data for table "kaio_user_group"
#

INSERT INTO `kaio_user_group` VALUES (1819,11890083),(1820,11890091);

#
# Structure for table "kaio_users"
#

CREATE TABLE `kaio_users` (
  `user_id` int(11) NOT NULL AUTO_INCREMENT,
  `name` varchar(45) DEFAULT NULL,
  `email` varchar(45) DEFAULT NULL,
  `username` varchar(45) DEFAULT NULL,
  `password` varchar(45) DEFAULT NULL,
  `hp` varchar(45) DEFAULT NULL,
  `block` enum('Y','N') DEFAULT NULL,
  `image_user` varchar(255) DEFAULT NULL,
  `tgl_register` datetime DEFAULT NULL,
  `tgl_aktifasi` datetime DEFAULT NULL,
  `last_login` varchar(45) DEFAULT NULL,
  `vcode` varchar(45) DEFAULT NULL,
  `status` enum('0','1','2') DEFAULT '0' COMMENT '0=deactive,1=active,2=delete',
  PRIMARY KEY (`user_id`),
  UNIQUE KEY `email_UNIQUE` (`email`)
) ENGINE=InnoDB AUTO_INCREMENT=1821 DEFAULT CHARSET=latin1;

#
# Data for table "kaio_users"
#

INSERT INTO `kaio_users` VALUES (1819,'Super Admin','admin@doktersiaga.com','admin@doktersiaga.com','c4ca4238a0b923820dcc509a6f75849b',NULL,NULL,NULL,NULL,NULL,'2019:04:06 15:21:10',NULL,'1'),(1820,'Fatah Iskandar Akbar','kaiosoftware@gmail.com','kaiosoftware@gmail.com','c4ca4238a0b923820dcc509a6f75849b','081219150929','N',NULL,'2019-04-08 08:48:49','2019-04-08 08:52:55','2019:04:22 20:03:53','0','1');

#
# Structure for table "kaio_users_faskes"
#

CREATE TABLE `kaio_users_faskes` (
  `user_id` int(11) NOT NULL,
  `customer_id` int(11) NOT NULL,
  `faskes_id` int(11) NOT NULL,
  PRIMARY KEY (`user_id`,`customer_id`,`faskes_id`)
) ENGINE=InnoDB DEFAULT CHARSET=latin1;

#
# Data for table "kaio_users_faskes"
#

